{
  "Author": "R4Y , Danny7007",
  "Compatibility": "Compatible",
  "DefuserDifficulty": "Medium",
  "Description": "Identify the states that are generated by the module from the LEDs, then find the solve and the ignored states to solve the module.",
  "ExpertDifficulty": "Medium",
  "ModuleID": "R4YMultiColoredSwitches",
  "Name": "Multi-Colored Switches",
  "Origin": "Mods",
  "Published": "2019-12-21",
  "SortKey": "MULTICOLOREDSWITCHES",
  "Souvenir": {
    "Explanation": "Souvenir might ask about the switches, sockets and LEDs colors, the RGB states that were generated by the module.",
    "Status": "Considered"
  },
  "SteamID": "1937928997",
  "Symbol": "MC",
  "Type": "Regular"
}